suburb,total_sales,house_count,unit_count,townhouse_count,median_house_price,median_unit_price,median_townhouse_price,median_overall_price,avg_price,avg_rooms,avg_landsize,distance_to_cbd
abbotsford,56.0,40.0,14.0,2.0,2204697.0,914333.0,2137116.0,1998115.0,1879693.0,2.4,292.0,2.6
aberfeldie,44.0,32.0,10.0,2.0,2528839.0,771503.0,2023232.0,2291341.0,2106462.0,3.1,514.0,8.6
airport west,67.0,44.0,13.0,10.0,1462290.0,966725.0,1344400.0,1370310.0,1348540.0,3.0,432.0,12.5
albanvale,6.0,5.0,1.0,0.0,978226.0,731466.0,,953109.0,937099.0,3.0,501.0,14.0
albert park,69.0,63.0,4.0,2.0,3551579.0,1210934.0,2776709.0,3378847.0,3393429.0,2.7,176.0,3.2
albion,41.0,26.0,11.0,4.0,1272179.0,869114.0,599040.0,1113142.0,1098367.0,2.7,545.0,13.1
alphington,34.0,24.0,7.0,3.0,3198305.0,872868.0,1511095.0,2825863.0,2570667.0,3.0,454.0,6.2
altona,74.0,42.0,22.0,10.0,1681932.0,1088739.0,1349952.0,1412872.0,1460715.0,3.0,431.0,12.9
altona meadows,6.0,5.0,1.0,0.0,1321927.0,776412.0,,1207360.0,1231008.0,3.3,507.0,15.5
altona north,56.0,51.0,2.0,3.0,1426624.0,671962.0,1128045.0,1406531.0,1383676.0,3.2,517.0,10.6
ardeer,3.0,3.0,0.0,0.0,1136857.0,,,1136857.0,1136857.0,3.0,679.0,12.8
armadale,95.0,41.0,47.0,7.0,3613269.0,1112203.0,2261950.0,2115084.0,2276329.0,2.5,396.0,6.3
ascot vale,130.0,97.0,22.0,11.0,1991704.0,956359.0,1586313.0,1829548.0,1782190.0,2.9,387.0,5.5
ashburton,60.0,49.0,2.0,9.0,3134819.0,1255831.0,2679106.0,3113232.0,3003829.0,3.4,626.0,10.8
ashwood,46.0,34.0,7.0,5.0,2365193.0,1313996.0,1558024.0,2108739.0,2117492.0,3.1,561.0,11.8
aspendale,7.0,6.0,0.0,1.0,2159148.0,,1418869.0,2026955.0,2053394.0,3.4,444.0,21.5
aspendale gardens,4.0,4.0,0.0,0.0,1542249.0,,,1542249.0,1542249.0,3.2,527.0,21.5
attwood,1.0,1.0,0.0,0.0,1128045.0,,,1128045.0,1128045.0,3.0,607.0,16.5
avondale heights,74.0,63.0,7.0,4.0,1445307.0,938568.0,1314934.0,1408954.0,1390325.0,3.3,570.0,10.3
bacchus marsh,1.0,1.0,0.0,0.0,502332.0,,,502332.0,502332.0,3.0,612.0,37.5
balaclava,27.0,7.0,19.0,1.0,2599791.0,889763.0,1905294.0,976111.0,1370716.0,2.1,241.0,6.5
balwyn,107.0,75.0,21.0,11.0,4106789.0,1328978.0,2555727.0,3472704.0,3402156.0,3.4,546.0,9.3
balwyn north,171.0,146.0,13.0,12.0,3326895.0,1410056.0,2406327.0,3146188.0,3116569.0,3.7,1100.0,9.4
bayswater,14.0,10.0,2.0,2.0,1391549.0,916536.0,1321927.0,1299895.0,1313744.0,3.4,610.0,23.2
bayswater north,8.0,6.0,2.0,0.0,1309589.0,1057542.0,,1254950.0,1246577.0,3.1,629.0,23.2
beaconsfield,2.0,1.0,1.0,0.0,1180922.0,946500.0,,1063711.0,1063711.0,3.5,680.0,39.0
beaconsfield upper,1.0,1.0,0.0,0.0,1189735.0,,,1189735.0,1189735.0,4.0,1031.0,39.8
beaumaris,18.0,15.0,0.0,3.0,2839500.0,,3260755.0,2882683.0,2909709.0,3.8,634.0,17.3
bellfield,16.0,14.0,2.0,0.0,1479012.0,1411607.0,,1479012.0,1470586.0,2.9,610.0,9.3
bentleigh,139.0,93.0,23.0,23.0,2555727.0,1220139.0,2176774.0,2379470.0,2272026.0,3.3,480.0,12.7
bentleigh east,249.0,168.0,34.0,47.0,2161792.0,1347784.0,1726966.0,1970994.0,1968567.0,3.2,479.0,13.9
berwick,13.0,13.0,0.0,0.0,1304302.0,,,1304302.0,1304302.0,3.7,710.0,35.2
black rock,12.0,5.0,6.0,1.0,3437012.0,1450595.0,2141523.0,2022549.0,2335846.0,3.2,460.0,17.3
blackburn,21.0,19.0,1.0,1.0,2379470.0,854846.0,1552824.0,2379470.0,2267504.0,3.1,637.0,13.4
blackburn north,14.0,12.0,1.0,1.0,2229651.0,1244374.0,1744944.0,2159148.0,2124652.0,3.8,623.0,13.4
blackburn south,12.0,10.0,2.0,0.0,2181180.0,1180922.0,,2098340.0,2014471.0,3.1,831.0,13.4
bonbeach,4.0,3.0,0.0,1.0,1621564.0,,3225503.0,1661222.0,2022549.0,3.2,494.0,27.0
boronia,14.0,13.0,0.0,1.0,1374804.0,,1304302.0,1370398.0,1369768.0,3.6,943.0,25.0
box hill,59.0,38.0,16.0,5.0,2973456.0,1138179.0,1543945.0,2487207.0,2354609.0,3.1,470.0,12.7
braybrook,46.0,39.0,1.0,6.0,1286676.0,929183.0,916382.0,1238910.0,1230605.0,3.0,589.0,10.4
briar hill,8.0,5.0,2.0,1.0,1462933.0,1098962.0,1101606.0,1187531.0,1326774.0,2.6,519.0,16.1
brighton,186.0,111.0,49.0,26.0,4203730.0,1595566.0,2846551.0,3306577.0,3326920.0,3.1,402.0,11.0
brighton east,138.0,104.0,18.0,16.0,3091592.0,1407853.0,2374578.0,2863692.0,2788842.0,3.4,531.0,10.6
broadmeadows,23.0,21.0,1.0,1.0,1032866.0,546396.0,819595.0,1014359.0,1002442.0,3.0,600.0,14.0
brookfield,1.0,1.0,0.0,0.0,803732.0,,,803732.0,803732.0,4.0,576.0,29.8
brooklyn,9.0,4.0,3.0,2.0,1631241.0,907723.0,987876.0,978226.0,1247098.0,2.4,351.0,8.4
brunswick,222.0,159.0,42.0,21.0,2000517.0,890979.0,1348366.0,1760754.0,1728914.0,2.6,316.0,5.2
brunswick east,88.0,48.0,28.0,12.0,2141523.0,910543.0,1654172.0,1680994.0,1683390.0,2.5,266.0,4.4
brunswick west,110.0,67.0,35.0,8.0,1938827.0,713312.0,1228687.0,1553265.0,1497244.0,2.6,327.0,5.7
bulleen,71.0,62.0,4.0,5.0,2163555.0,1520492.0,1674441.0,2115533.0,2092881.0,3.5,595.0,11.6
bullengarook,1.0,1.0,0.0,0.0,942975.0,,,942975.0,942975.0,3.0,4000.0,45.9
bundoora,36.0,34.0,0.0,2.0,1345722.0,,1048729.0,1333384.0,1329222.0,3.7,538.0,12.1
burnley,7.0,7.0,0.0,0.0,2257257.0,,,2257257.0,2257257.0,2.4,290.0,3.2
burnside,2.0,2.0,0.0,0.0,1090590.0,,,1090590.0,1090590.0,3.0,546.0,14.8
burnside heights,3.0,3.0,0.0,0.0,1045204.0,,,1045204.0,1045204.0,3.0,457.0,14.8
burwood,84.0,62.0,11.0,11.0,2558591.0,1209123.0,1489371.0,2346421.0,2241858.0,3.4,565.0,11.3
burwood east,16.0,13.0,2.0,1.0,1917676.0,1393311.0,1374804.0,1790771.0,1818201.0,3.3,519.0,14.7
cairnlea,7.0,7.0,0.0,0.0,1128045.0,,,1128045.0,1128045.0,3.4,467.0,14.8
camberwell,132.0,87.0,33.0,12.0,3877654.0,1220579.0,2291341.0,3112919.0,3069175.0,3.2,544.0,7.8
campbellfield,4.0,4.0,0.0,0.0,819220.0,,,819220.0,819220.0,3.2,647.0,15.0
canterbury,54.0,37.0,10.0,7.0,4458201.0,1409915.0,3128562.0,3435069.0,3721343.0,3.4,702.0,8.8
carlton,51.0,27.0,23.0,1.0,2365193.0,1126282.0,1692067.0,1726966.0,1793270.0,2.5,470.0,1.8
carlton north,48.0,41.0,6.0,1.0,2714358.0,900497.0,1436010.0,2578640.0,2460993.0,2.6,308.0,3.3
carnegie,146.0,61.0,70.0,15.0,2555727.0,1019655.0,1515810.0,1609645.0,1712413.0,2.5,347.0,11.1
caroline springs,11.0,9.0,0.0,2.0,1138620.0,,696215.0,1057542.0,1058183.0,3.4,400.0,14.8
carrum,9.0,5.0,3.0,1.0,1489371.0,1039916.0,872472.0,1211767.0,1271009.0,3.0,410.0,31.2
carrum downs,12.0,12.0,0.0,0.0,968091.0,,,968091.0,968091.0,3.2,610.0,34.9
caulfield,12.0,4.0,7.0,1.0,1966015.0,1004665.0,3003419.0,1171642.0,1491678.0,2.6,388.0,8.9
caulfield east,9.0,7.0,2.0,0.0,2590449.0,572835.0,,2505978.0,2142090.0,3.0,643.0,8.9
caulfield north,35.0,13.0,22.0,0.0,3284990.0,1017884.0,,1141299.0,1859952.0,2.4,376.0,8.0
caulfield south,47.0,30.0,13.0,4.0,2456703.0,1110419.0,2056875.0,2115084.0,2050299.0,2.7,365.0,9.2
chadstone,35.0,20.0,4.0,11.0,1869628.0,1503031.0,1639190.0,1726966.0,1755308.0,3.2,578.0,13.0
chelsea,5.0,3.0,2.0,0.0,1480559.0,1025815.0,,1321927.0,1298661.0,2.6,463.0,27.0
chelsea heights,4.0,4.0,0.0,0.0,1284032.0,,,1284032.0,1284032.0,3.8,572.0,27.0
cheltenham,46.0,35.0,5.0,6.0,2009330.0,987039.0,1459408.0,1891238.0,1826482.0,3.1,532.0,17.9
chirnside park,2.0,2.0,0.0,0.0,1367738.0,,,1367738.0,1367738.0,3.5,839.0,27.1
clarinda,4.0,4.0,0.0,0.0,1638573.0,,,1638573.0,1638573.0,4.2,524.0,17.5
clayton,13.0,10.0,3.0,0.0,2247277.0,1374804.0,,1965265.0,2045937.0,3.5,606.0,16.7
clayton south,11.0,9.0,2.0,0.0,1498184.0,1123638.0,,1498184.0,1430085.0,3.0,632.0,17.5
clifton hill,57.0,43.0,11.0,3.0,2383964.0,1041679.0,1548638.0,2203212.0,2080962.0,2.4,176.0,3.4
coburg,190.0,147.0,17.0,26.0,1762570.0,882254.0,1224726.0,1636150.0,1610205.0,3.0,379.0,7.6
coburg north,56.0,48.0,2.0,6.0,1464167.0,760108.0,1089678.0,1440658.0,1398898.0,3.0,439.0,8.7
collingwood,65.0,24.0,33.0,8.0,2009220.0,1261436.0,1675345.0,1670652.0,1588483.0,2.1,813.0,1.7
coolaroo,4.0,4.0,0.0,0.0,808138.0,,,808138.0,808138.0,3.2,566.0,17.4
craigieburn,47.0,44.0,0.0,3.0,984395.0,,599273.0,965888.0,959813.0,3.6,487.0,20.6
cranbourne,3.0,3.0,0.0,0.0,1008190.0,,,1008190.0,1008190.0,4.3,563.0,34.7
cranbourne north,2.0,2.0,0.0,0.0,1031103.0,,,1031103.0,1031103.0,4.0,595.0,34.7
cremorne,25.0,17.0,7.0,1.0,2083622.0,1004665.0,1895908.0,1877137.0,1774005.0,2.1,127.0,2.5
croydon,33.0,31.0,1.0,1.0,1519335.0,1102487.0,846033.0,1515810.0,1486300.0,3.4,871.0,23.0
croydon hills,4.0,4.0,0.0,0.0,1618039.0,,,1618039.0,1618039.0,3.5,712.0,23.0
croydon north,7.0,6.0,1.0,0.0,1491134.0,890098.0,,1471746.0,1405272.0,3.7,1348.0,23.0
croydon south,1.0,1.0,0.0,0.0,1410056.0,,,1410056.0,1410056.0,3.0,865.0,23.0
dallas,6.0,6.0,0.0,0.0,775090.0,,,775090.0,775090.0,3.0,599.0,14.0
dandenong,13.0,11.0,2.0,0.0,1092793.0,632762.0,,1027578.0,1022019.0,2.9,575.0,24.7
dandenong north,16.0,14.0,2.0,0.0,1109538.0,812544.0,,1097640.0,1072413.0,3.4,589.0,24.7
deepdene,2.0,1.0,0.0,1.0,1251424.0,,2961118.0,2106271.0,2106271.0,3.0,893.0,7.9
deer park,14.0,14.0,0.0,0.0,1111741.0,,,1111741.0,1111741.0,3.1,626.0,14.8
delahey,6.0,6.0,0.0,0.0,978226.0,,,978226.0,978226.0,3.2,485.0,18.0
derrimut,5.0,5.0,0.0,0.0,1224986.0,,,1224986.0,1224986.0,3.8,573.0,14.7
diamond creek,6.0,6.0,0.0,0.0,1509641.0,,,1509641.0,1509641.0,3.5,792.0,21.8
diggers rest,2.0,2.0,0.0,0.0,925349.0,,,925349.0,925349.0,4.5,729.0,27.7
dingley village,21.0,18.0,2.0,1.0,1592482.0,1063711.0,1413581.0,1535198.0,1533604.0,3.4,648.0,22.2
docklands,3.0,0.0,2.0,1.0,,1088739.0,2571678.0,1501709.0,1583052.0,2.3,0.0,1.9
doncaster,116.0,90.0,15.0,11.0,2469837.0,1378330.0,1736131.0,2346421.0,2259118.0,3.6,584.0,13.6
doncaster east,41.0,34.0,2.0,5.0,2494918.0,1516691.0,1974078.0,2441159.0,2383682.0,3.7,610.0,14.3
donvale,13.0,8.0,2.0,3.0,1928252.0,1316199.0,1621564.0,1621564.0,1763316.0,3.5,1063.0,16.1
doreen,6.0,6.0,0.0,0.0,908164.0,,,908164.0,908164.0,3.3,381.0,25.9
doveton,7.0,7.0,0.0,0.0,881285.0,,,881285.0,881285.0,2.9,621.0,28.8
eaglemont,23.0,19.0,4.0,0.0,3622875.0,1224105.0,,3408881.0,3205697.0,3.4,802.0,9.9
east melbourne,22.0,5.0,16.0,1.0,6607523.0,1497942.0,2379470.0,1611588.0,2699280.0,2.0,214.0,1.5
edithvale,9.0,6.0,3.0,0.0,1806634.0,1233799.0,,1542249.0,1615689.0,3.4,570.0,27.0
elsternwick,61.0,35.0,19.0,7.0,3012805.0,1175088.0,1595566.0,1890277.0,2277767.0,2.8,393.0,8.2
eltham,25.0,21.0,2.0,2.0,1517573.0,974701.0,1327215.0,1506997.0,1458914.0,3.5,743.0,18.0
eltham north,13.0,13.0,0.0,0.0,1586313.0,,,1586313.0,1586313.0,4.0,928.0,18.0
elwood,131.0,30.0,92.0,9.0,3172626.0,1127163.0,2159148.0,1269050.0,1666490.0,2.2,368.0,7.6
emerald,1.0,1.0,0.0,0.0,1154483.0,,,1154483.0,1154483.0,2.0,1000.0,36.9
endeavour hills,5.0,5.0,0.0,0.0,1110419.0,,,1110419.0,1110419.0,3.6,712.0,28.5
epping,52.0,46.0,5.0,1.0,1005546.0,691368.0,707672.0,987920.0,969608.0,3.2,479.0,19.6
essendon,220.0,131.0,74.0,15.0,2464073.0,874587.0,1522860.0,1839594.0,1865254.0,2.9,396.0,7.9
essendon north,22.0,8.0,12.0,2.0,2494742.0,814527.0,1418869.0,1410937.0,1480454.0,2.7,758.0,9.0
essendon west,26.0,21.0,1.0,4.0,2300154.0,976111.0,1436010.0,1967160.0,2116284.0,3.3,441.0,9.4
fairfield,43.0,28.0,13.0,2.0,2318881.0,1023039.0,1549576.0,2111779.0,1891333.0,2.7,339.0,5.8
fawkner,102.0,86.0,8.0,8.0,1222485.0,788717.0,940754.0,1199957.0,1166368.0,3.0,524.0,12.6
ferntree gully,22.0,18.0,1.0,3.0,1399569.0,1087505.0,1180922.0,1380180.0,1355568.0,3.2,774.0,24.8
fitzroy,59.0,31.0,21.0,7.0,2703077.0,1220139.0,1850698.0,1938827.0,2074122.0,2.3,7965.0,1.7
fitzroy north,93.0,70.0,15.0,8.0,2440278.0,1130036.0,1941898.0,2294800.0,2186077.0,2.5,548.0,3.5
flemington,62.0,42.0,19.0,1.0,1883993.0,741469.0,1793415.0,1659041.0,1532404.0,2.4,223.0,4.2
footscray,132.0,71.0,45.0,16.0,1570450.0,652151.0,1312119.0,1400344.0,1226080.0,2.5,362.0,6.1
forest hill,22.0,19.0,2.0,1.0,1797821.0,1316640.0,1499066.0,1772264.0,1740498.0,3.5,512.0,15.4
frankston,24.0,23.0,1.0,0.0,1128045.0,468843.0,,1122757.0,1100578.0,3.2,624.0,38.0
frankston north,4.0,4.0,0.0,0.0,936806.0,,,936806.0,936806.0,3.0,651.0,36.9
frankston south,16.0,16.0,0.0,0.0,1559874.0,,,1559874.0,1559874.0,3.4,1433.0,38.0
gardenvale,6.0,3.0,3.0,0.0,3313632.0,825940.0,,1660054.0,2069786.0,3.0,208.0,9.4
gisborne,8.0,8.0,0.0,0.0,1180922.0,,,1180922.0,1180922.0,3.8,8437.0,45.9
gladstone park,20.0,20.0,0.0,0.0,1157127.0,,,1157127.0,1157127.0,3.5,530.0,12.9
glen huntly,17.0,4.0,10.0,3.0,2337036.0,1035510.0,1194797.0,1194797.0,1369861.0,2.2,341.0,10.4
glen iris,195.0,137.0,41.0,17.0,3382601.0,993944.0,2208500.0,3013995.0,2778013.0,3.1,527.0,8.6
glen waverley,45.0,35.0,8.0,2.0,2326592.0,1727318.0,1608345.0,2277240.0,2188133.0,3.6,657.0,16.7
glenroy,159.0,121.0,18.0,20.0,1319627.0,813382.0,1027732.0,1203835.0,1225600.0,3.0,568.0,12.5
gowanbrae,24.0,21.0,0.0,3.0,1313996.0,,998637.0,1252306.0,1274576.0,3.5,487.0,13.4
greensborough,36.0,31.0,5.0,0.0,1524623.0,1075167.0,,1438257.0,1462199.0,3.3,651.0,16.1
greenvale,17.0,17.0,0.0,0.0,1357179.0,,,1357179.0,1357179.0,4.0,722.0,20.4
hadfield,62.0,52.0,3.0,7.0,1317962.0,881285.0,1048729.0,1291964.0,1266435.0,3.0,518.0,11.9
hallam,5.0,5.0,0.0,0.0,1167702.0,,,1167702.0,1167702.0,3.0,933.0,32.3
hampton,130.0,86.0,30.0,14.0,3363865.0,1408954.0,2366250.0,2890615.0,2805296.0,3.2,597.0,13.7
hampton east,25.0,16.0,5.0,4.0,2247872.0,1503587.0,1728464.0,1982891.0,2015909.0,2.9,438.0,14.2
hampton park,4.0,4.0,0.0,0.0,1042560.0,,,1042560.0,1042560.0,3.5,560.0,33.3
hawthorn,191.0,78.0,108.0,5.0,3372678.0,987039.0,2178537.0,1511095.0,1992470.0,2.4,478.0,4.8
hawthorn east,119.0,66.0,44.0,9.0,3654513.0,963090.0,2582165.0,2721849.0,2578263.0,2.8,469.0,7.3
healesville,1.0,1.0,0.0,0.0,1145670.0,,,1145670.0,1145670.0,3.0,724.0,45.2
heathmont,16.0,13.0,1.0,2.0,1642715.0,925349.0,1208242.0,1614514.0,1543571.0,3.4,569.0,21.3
heidelberg,51.0,27.0,13.0,11.0,2203212.0,1025855.0,1300776.0,1558024.0,1708459.0,2.9,668.0,10.2
heidelberg heights,78.0,63.0,7.0,8.0,1374804.0,1110419.0,1154747.0,1269050.0,1328508.0,2.8,474.0,10.1
heidelberg west,76.0,71.0,4.0,1.0,1210885.0,783462.0,694540.0,1178842.0,1181595.0,2.6,499.0,9.3
highett,27.0,21.0,3.0,3.0,2220838.0,1194141.0,2115084.0,2159148.0,2095010.0,3.1,503.0,16.0
hillside,18.0,17.0,1.0,0.0,1146552.0,854846.0,,1142145.0,1130346.0,3.8,684.0,18.0
hoppers crossing,38.0,37.0,1.0,0.0,953550.0,555209.0,,952669.0,943067.0,3.3,697.0,18.4
hughesdale,35.0,21.0,10.0,4.0,2481575.0,911350.0,1724234.0,2121253.0,1946386.0,3.0,424.0,12.9
huntingdale,7.0,7.0,0.0,0.0,1927899.0,,,1927899.0,1927899.0,3.3,552.0,12.3
hurstbridge,2.0,2.0,0.0,0.0,1224986.0,,,1224986.0,1224986.0,4.0,909.0,26.1
ivanhoe,98.0,58.0,25.0,15.0,2745313.0,919797.0,1551061.0,1935566.0,2096827.0,2.9,461.0,7.9
ivanhoe east,25.0,19.0,5.0,1.0,3373216.0,910411.0,1970994.0,3116048.0,2824566.0,3.1,760.0,8.7
jacana,25.0,23.0,1.0,1.0,979989.0,525598.0,687402.0,971176.0,950110.0,3.0,604.0,14.3
kealba,19.0,19.0,0.0,0.0,1023039.0,,,1023039.0,1023039.0,3.6,560.0,14.8
keilor,9.0,9.0,0.0,0.0,1480559.0,,,1480559.0,1480559.0,3.4,594.0,14.5
keilor downs,15.0,15.0,0.0,0.0,1198547.0,,,1198547.0,1198547.0,3.4,702.0,15.5
keilor east,121.0,98.0,6.0,17.0,1530805.0,912288.0,1313114.0,1471746.0,1469550.0,3.3,569.0,12.5
keilor lodge,2.0,2.0,0.0,0.0,1163296.0,,,1163296.0,1163296.0,3.5,690.0,15.5
keilor park,22.0,16.0,3.0,3.0,1324131.0,940445.0,1126282.0,1259819.0,1244830.0,3.2,487.0,13.0
kensington,117.0,58.0,41.0,18.0,1886236.0,859728.0,1448211.0,1482321.0,1459131.0,2.3,530.0,4.0
kew,177.0,115.0,45.0,17.0,3973900.0,1133332.0,1501709.0,2828846.0,3014279.0,3.2,479.0,5.5
kew east,49.0,40.0,5.0,4.0,3313676.0,1163825.0,2610278.0,3084498.0,3036883.0,3.4,834.0,7.4
keysborough,11.0,10.0,0.0,1.0,1333384.0,,1212648.0,1325452.0,1322408.0,3.4,516.0,25.2
kilsyth,4.0,4.0,0.0,0.0,1395074.0,,,1395074.0,1395074.0,3.0,888.0,26.0
kings park,5.0,5.0,0.0,0.0,934162.0,,,934162.0,934162.0,3.4,551.0,14.0
kingsbury,13.0,10.0,3.0,0.0,1314311.0,860134.0,,1295224.0,1209501.0,3.2,507.0,12.3
kingsville,34.0,27.0,7.0,0.0,1736352.0,380715.0,,1559967.0,1457250.0,2.6,235.0,7.3
knoxfield,4.0,4.0,0.0,0.0,1859511.0,,,1859511.0,1859511.0,4.2,719.0,23.3
kooyong,2.0,2.0,0.0,0.0,3925112.0,,,3925112.0,3925112.0,3.0,310.0,6.1
kurunjang,4.0,4.0,0.0,0.0,623068.0,,,623068.0,623068.0,3.5,656.0,31.7
lalor,42.0,39.0,3.0,0.0,1189735.0,722653.0,,1172990.0,1156372.0,3.1,560.0,16.3
langwarrin,6.0,4.0,2.0,0.0,1365992.0,746448.0,,1071202.0,1159477.0,3.2,790.0,41.0
lower plenty,5.0,3.0,2.0,0.0,1551061.0,942975.0,,1410056.0,1307827.0,3.6,549.0,14.6
maidstone,94.0,60.0,10.0,24.0,1399031.0,665445.0,1194141.0,1295357.0,1268678.0,2.8,586.0,8.4
malvern,67.0,39.0,23.0,5.0,4097976.0,1096248.0,1762570.0,2908241.0,2893248.0,2.8,361.0,7.0
malvern east,117.0,85.0,19.0,13.0,3144205.0,981742.0,1974078.0,2665535.0,2663022.0,3.1,456.0,10.7
maribyrnong,96.0,52.0,20.0,24.0,1855081.0,795470.0,1051196.0,1501709.0,1433357.0,2.9,1374.0,7.7
mckinnon,8.0,5.0,1.0,2.0,2961118.0,1692067.0,2449972.0,2560133.0,2674700.0,3.4,461.0,11.4
meadow heights,17.0,15.0,1.0,1.0,898910.0,740279.0,634525.0,849558.0,874027.0,3.5,619.0,17.4
melbourne,46.0,1.0,45.0,0.0,2872989.0,995852.0,,1000060.0,1036659.0,1.8,302.0,2.4
melton,12.0,12.0,0.0,0.0,727060.0,,,727060.0,727060.0,3.8,746.0,31.7
melton south,18.0,18.0,0.0,0.0,687402.0,,,687402.0,687402.0,3.2,601.0,29.8
melton west,8.0,8.0,0.0,0.0,755702.0,,,755702.0,755702.0,3.6,695.0,31.7
mentone,26.0,11.0,5.0,10.0,1692948.0,1128045.0,1547536.0,1573094.0,1528385.0,3.0,482.0,20.0
mernda,9.0,9.0,0.0,0.0,1050491.0,,,1050491.0,1050491.0,3.7,509.0,25.9
middle park,34.0,30.0,4.0,0.0,3564049.0,1159132.0,,3322445.0,3281118.0,2.8,209.0,3.8
mill park,43.0,39.0,2.0,2.0,1241730.0,797563.0,857270.0,1189735.0,1203189.0,3.4,560.0,17.9
mitcham,30.0,22.0,4.0,4.0,1762570.0,1405649.0,1670916.0,1701761.0,1702760.0,3.1,511.0,17.2
monbulk,1.0,1.0,0.0,0.0,1269050.0,,,1269050.0,1269050.0,4.0,1611.0,34.1
mont albert,34.0,22.0,7.0,5.0,3815964.0,1248296.0,2252564.0,2866521.0,3057415.0,3.4,692.0,11.5
montmorency,17.0,14.0,1.0,2.0,1621564.0,1002902.0,1568687.0,1586313.0,1578952.0,3.2,657.0,16.2
montrose,1.0,1.0,0.0,0.0,1295489.0,,,1295489.0,1295489.0,4.0,846.0,28.8
moonee ponds,149.0,110.0,29.0,10.0,2260245.0,775530.0,1652350.0,2102393.0,1930475.0,2.9,351.0,6.8
moorabbin,64.0,48.0,7.0,9.0,1881543.0,1199490.0,1621564.0,1813156.0,1770384.0,3.1,532.0,14.6
mooroolbark,12.0,12.0,0.0,0.0,1277863.0,,,1277863.0,1277863.0,3.2,931.0,26.5
mordialloc,18.0,12.0,4.0,2.0,2278122.0,872031.0,2464954.0,2110678.0,1986416.0,3.2,435.0,21.5
mount evelyn,2.0,2.0,0.0,0.0,1000258.0,,,1000258.0,1000258.0,3.0,1650.0,31.6
mount waverley,57.0,44.0,7.0,6.0,2583046.0,1180922.0,1803109.0,2444685.0,2328757.0,3.4,613.0,14.2
mulgrave,29.0,28.0,0.0,1.0,1598651.0,,1145670.0,1589838.0,1583031.0,3.5,633.0,18.8
murrumbeena,82.0,37.0,32.0,13.0,2485224.0,1029341.0,1614338.0,1621121.0,1779007.0,2.6,523.0,11.5
narre warren,7.0,7.0,0.0,0.0,1145670.0,,,1145670.0,1145670.0,3.3,774.0,34.1
new gisborne,1.0,1.0,0.0,0.0,2388282.0,,,2388282.0,2388282.0,5.0,44500.0,48.1
newport,137.0,120.0,6.0,11.0,1865874.0,968113.0,1553331.0,1783280.0,1801461.0,3.1,427.0,8.0
niddrie,82.0,58.0,16.0,8.0,1953192.0,1182596.0,1492324.0,1737013.0,1757869.0,3.0,479.0,11.0
noble park,12.0,11.0,1.0,0.0,1191497.0,784343.0,,1177397.0,1157568.0,3.1,614.0,22.7
north melbourne,81.0,29.0,43.0,9.0,2361844.0,1013654.0,1877137.0,1374804.0,1592282.0,2.2,290.0,2.1
north warrandyte,2.0,2.0,0.0,0.0,2160911.0,,,2160911.0,2160911.0,4.5,2839.0,21.1
northcote,188.0,151.0,30.0,7.0,2379470.0,823583.0,1623723.0,2262889.0,2103050.0,2.8,341.0,5.4
notting hill,3.0,2.0,1.0,0.0,2014617.0,1480559.0,,1894763.0,1836598.0,3.3,549.0,16.7
nunawading,20.0,11.0,6.0,3.0,1894763.0,1323690.0,2071020.0,1799584.0,1749879.0,3.2,553.0,15.4
oak park,63.0,43.0,10.0,10.0,1683254.0,1006145.0,1066355.0,1515810.0,1477856.0,3.2,484.0,11.4
oakleigh,47.0,41.0,6.0,0.0,2026955.0,1192451.0,,1970994.0,1920423.0,3.2,537.0,13.6
oakleigh east,11.0,8.0,1.0,2.0,2204975.0,1304302.0,1526385.0,2026955.0,1999716.0,3.4,588.0,12.3
oakleigh south,58.0,52.0,4.0,2.0,1839006.0,1268720.0,1389081.0,1748062.0,1784161.0,3.2,549.0,15.0
officer,1.0,1.0,0.0,0.0,985276.0,,,985276.0,985276.0,4.0,480.0,43.3
ormond,83.0,46.0,33.0,4.0,2736390.0,816554.0,2296677.0,1826454.0,1951891.0,2.7,419.0,11.7
pakenham,3.0,3.0,0.0,0.0,766718.0,,,766718.0,766718.0,4.0,526.0,47.3
parkdale,24.0,19.0,1.0,4.0,2291341.0,1184447.0,1930014.0,2220838.0,2184999.0,3.3,497.0,21.5
parkville,31.0,13.0,16.0,2.0,3474581.0,1393399.0,1454120.0,1952222.0,2270070.0,2.4,857.0,2.5
pascoe vale,171.0,119.0,25.0,27.0,1515810.0,953550.0,1033364.0,1372187.0,1357433.0,2.9,434.0,9.5
plumpton,1.0,1.0,0.0,0.0,1102487.0,,,1102487.0,1102487.0,4.0,477.0,23.8
point cook,13.0,13.0,0.0,0.0,1119232.0,,,1119232.0,1119232.0,3.9,473.0,14.7
port melbourne,153.0,84.0,64.0,5.0,2534135.0,1345546.0,2446447.0,2121165.0,2034082.0,2.4,678.0,3.7
prahran,123.0,62.0,54.0,7.0,2458785.0,1100747.0,2502849.0,1980380.0,1865081.0,2.3,329.0,4.5
preston,239.0,208.0,24.0,7.0,1711896.0,909067.0,1260237.0,1665629.0,1618049.0,2.9,459.0,8.7
princes hill,5.0,5.0,0.0,0.0,3191133.0,,,3191133.0,3191133.0,3.0,268.0,3.6
reservoir,359.0,253.0,79.0,27.0,1431317.0,788397.0,1083980.0,1276453.0,1263716.0,2.8,584.0,11.4
richmond,260.0,152.0,90.0,18.0,2326592.0,1043441.0,1876943.0,1967843.0,1851295.0,2.4,564.0,2.6
riddells creek,1.0,1.0,0.0,0.0,1440020.0,,,1440020.0,1440020.0,4.0,1459.0,47.4
ringwood,20.0,17.0,3.0,0.0,1648003.0,1154483.0,,1621564.0,1573975.0,3.0,700.0,19.9
ringwood east,12.0,10.0,2.0,0.0,1627733.0,1030222.0,,1506997.0,1528148.0,3.2,599.0,21.3
ringwood north,10.0,9.0,1.0,0.0,1771383.0,1061067.0,,1634784.0,1700351.0,3.8,659.0,19.9
ripponlea,9.0,2.0,6.0,1.0,2692436.0,1027181.0,1417238.0,1135668.0,1440578.0,2.1,529.0,7.4
rockbank,1.0,1.0,0.0,0.0,599273.0,,,599273.0,599273.0,2.0,609.0,23.8
rosanna,61.0,47.0,10.0,4.0,1938827.0,1127221.0,1164763.0,1773894.0,1755018.0,3.2,579.0,10.8
rowville,10.0,10.0,0.0,0.0,1524623.0,,,1524623.0,1524623.0,3.8,626.0,23.5
roxburgh park,15.0,15.0,0.0,0.0,863659.0,,,863659.0,863659.0,3.3,429.0,20.6
sandhurst,1.0,1.0,0.0,0.0,1136857.0,,,1136857.0,1136857.0,4.0,448.0,34.7
sandringham,25.0,17.0,5.0,3.0,3119749.0,1339553.0,3914668.0,3013995.0,2859100.0,3.8,447.0,15.2
scoresby,8.0,8.0,0.0,0.0,1685017.0,,,1685017.0,1685017.0,3.5,838.0,22.2
seabrook,3.0,3.0,0.0,0.0,1039916.0,,,1039916.0,1039916.0,3.3,531.0,15.5
seaford,14.0,12.0,1.0,1.0,1368195.0,1008190.0,680352.0,1355416.0,1293348.0,3.6,607.0,35.4
seaholme,6.0,5.0,1.0,0.0,2485224.0,549921.0,,2441159.0,2162673.0,3.5,520.0,11.8
seddon,62.0,54.0,6.0,2.0,1809036.0,755547.0,1384388.0,1735955.0,1693387.0,2.7,228.0,6.2
silvan,2.0,2.0,0.0,0.0,1899169.0,,,1899169.0,1899169.0,3.5,57245.0,34.6
skye,2.0,2.0,0.0,0.0,1053750.0,,,1053750.0,1053750.0,4.0,582.0,34.7
south kingsville,22.0,11.0,5.0,6.0,1745737.0,713312.0,1361585.0,1414462.0,1406326.0,2.7,351.0,8.7
south melbourne,85.0,54.0,26.0,5.0,2623299.0,1147239.0,2224407.0,2203212.0,2148334.0,2.5,164.0,2.0
south morang,21.0,18.0,1.0,2.0,1147873.0,680352.0,674183.0,1078693.0,1080497.0,3.7,482.0,20.5
south yarra,202.0,48.0,146.0,8.0,3181439.0,1149746.0,2979955.0,1472363.0,1705008.0,2.0,743.0,3.2
southbank,41.0,3.0,38.0,0.0,1529867.0,1057542.0,,1101606.0,1092102.0,2.1,946.0,1.1
spotswood,29.0,26.0,2.0,1.0,1720493.0,916536.0,1576795.0,1635925.0,1660093.0,3.0,447.0,7.4
springvale,9.0,8.0,1.0,0.0,1455001.0,1022290.0,,1357179.0,1406922.0,3.3,613.0,20.8
springvale south,3.0,3.0,0.0,0.0,1321927.0,,,1321927.0,1321927.0,3.3,665.0,22.2
st albans,25.0,23.0,1.0,1.0,1075167.0,881285.0,810782.0,1075167.0,1056837.0,3.0,565.0,14.0
st helena,3.0,3.0,0.0,0.0,1581025.0,,,1581025.0,1581025.0,3.7,987.0,16.1
st kilda,162.0,39.0,120.0,3.0,2538101.0,907516.0,2430893.0,1055308.0,1328275.0,2.0,531.0,5.9
strathmore,63.0,59.0,1.0,3.0,2150335.0,1321927.0,1630377.0,2027308.0,2112426.0,3.5,561.0,9.3
strathmore heights,6.0,6.0,0.0,0.0,1756030.0,,,1756030.0,1756030.0,3.8,565.0,11.8
sunbury,38.0,37.0,1.0,0.0,878641.0,634525.0,,875556.0,872217.0,3.3,685.0,31.7
sunshine,111.0,101.0,7.0,3.0,1315873.0,882254.0,925349.0,1304610.0,1277973.0,3.0,482.0,12.3
sunshine north,68.0,65.0,2.0,1.0,1201367.0,673720.0,1145670.0,1196015.0,1185029.0,3.2,552.0,12.6
sunshine west,86.0,79.0,3.0,4.0,1107511.0,913011.0,937819.0,1095309.0,1092833.0,3.2,592.0,12.8
surrey hills,125.0,88.0,30.0,7.0,3472704.0,1401983.0,1653291.0,3022808.0,2873844.0,3.3,536.0,10.9
sydenham,5.0,5.0,0.0,0.0,1092793.0,,,1092793.0,1092793.0,3.2,608.0,18.0
tarneit,10.0,10.0,0.0,0.0,882166.0,,,882166.0,882166.0,3.5,417.0,18.4
taylors hill,7.0,7.0,0.0,0.0,1067236.0,,,1067236.0,1067236.0,3.4,526.0,18.0
taylors lakes,22.0,21.0,0.0,1.0,1260237.0,,884810.0,1251424.0,1243172.0,3.6,650.0,15.5
templestowe,19.0,18.0,0.0,1.0,2718764.0,,1401243.0,2555727.0,2649421.0,4.1,941.0,15.5
templestowe lower,92.0,83.0,3.0,6.0,2185587.0,1330740.0,1503472.0,2150115.0,2113226.0,3.7,675.0,13.4
the basin,4.0,4.0,0.0,0.0,1023348.0,,,1023348.0,1023348.0,3.0,900.0,27.0
thomastown,29.0,26.0,3.0,0.0,1147433.0,810782.0,,1128045.0,1112607.0,3.1,546.0,15.3
thornbury,139.0,87.0,41.0,11.0,2178537.0,816554.0,1692067.0,1780196.0,1738303.0,2.5,354.0,6.6
toorak,100.0,29.0,62.0,9.0,4918100.0,1213463.0,3701397.0,1731659.0,2511722.0,2.4,373.0,4.5
travancore,10.0,5.0,4.0,1.0,2932088.0,618221.0,1508760.0,1786805.0,1864209.0,2.7,1854.0,5.0
truganina,5.0,2.0,2.0,1.0,957075.0,743231.0,678589.0,794919.0,815840.0,3.0,333.0,18.4
tullamarine,13.0,9.0,2.0,2.0,1224986.0,678589.0,801969.0,1032866.0,1075845.0,3.0,402.0,12.9
upwey,1.0,1.0,0.0,0.0,1013477.0,,,1013477.0,1013477.0,2.0,1200.0,29.3
vermont,14.0,11.0,0.0,3.0,2026955.0,,1616277.0,1896966.0,1938953.0,3.9,568.0,17.2
vermont south,13.0,12.0,1.0,0.0,2238464.0,1321927.0,,2203212.0,2167961.0,4.2,759.0,17.2
viewbank,41.0,37.0,4.0,0.0,1726966.0,1033364.0,,1680038.0,1659297.0,3.5,615.0,12.7
wallan,1.0,1.0,0.0,0.0,645100.0,,,645100.0,645100.0,3.0,502.0,44.2
wantirna,12.0,12.0,0.0,0.0,1719387.0,,,1719387.0,1719387.0,3.6,741.0,14.7
wantirna south,22.0,19.0,2.0,1.0,2044581.0,1050491.0,1110419.0,1952046.0,1911747.0,4.0,618.0,14.7
warrandyte,5.0,5.0,0.0,0.0,2115084.0,,,2115084.0,2115084.0,3.6,2142.0,21.1
waterways,2.0,2.0,0.0,0.0,2200569.0,,,2200569.0,2200569.0,4.0,612.0,21.5
watsonia,52.0,45.0,6.0,1.0,1389081.0,1047570.0,910411.0,1337980.0,1340471.0,3.0,502.0,14.8
watsonia north,10.0,10.0,0.0,0.0,1317521.0,,,1317521.0,1317521.0,3.4,649.0,14.5
werribee,50.0,48.0,2.0,0.0,864100.0,613815.0,,863659.0,854088.0,3.2,584.0,14.7
west footscray,105.0,82.0,17.0,6.0,1586247.0,846033.0,1163825.0,1511095.0,1442264.0,2.9,376.0,7.8
west melbourne,31.0,8.0,15.0,8.0,2828925.0,1128159.0,1977229.0,1753757.0,1786181.0,2.4,168.0,2.2
westmeadows,14.0,13.0,0.0,1.0,1085743.0,,881285.0,1055779.0,1071139.0,3.2,552.0,16.5
wheelers hill,26.0,26.0,0.0,0.0,2120372.0,,,2120372.0,2120372.0,4.2,734.0,16.7
whittlesea,1.0,1.0,0.0,0.0,1059304.0,,,1059304.0,1059304.0,3.0,972.0,35.5
williams landing,2.0,2.0,0.0,0.0,938568.0,,,938568.0,938568.0,3.5,354.0,17.6
williamstown,107.0,84.0,17.0,6.0,2477402.0,863659.0,1629452.0,2252564.0,2173465.0,3.1,305.0,7.8
williamstown north,19.0,10.0,6.0,3.0,2198476.0,732083.0,1180922.0,1519335.0,1574738.0,2.8,396.0,8.7
windsor,60.0,25.0,34.0,1.0,2534135.0,1036457.0,2687919.0,1503472.0,1688014.0,2.1,224.0,5.0
wollert,9.0,6.0,1.0,2.0,930020.0,687402.0,723535.0,925349.0,857177.0,3.2,311.0,25.5
wonga park,1.0,1.0,0.0,0.0,1586313.0,,,1586313.0,1586313.0,3.0,0.0,25.2
wyndham vale,4.0,4.0,0.0,0.0,844271.0,,,844271.0,844271.0,3.5,488.0,27.2
yallambie,24.0,24.0,0.0,0.0,1395277.0,,,1395277.0,1395277.0,3.5,599.0,14.6
yarra glen,1.0,1.0,0.0,0.0,1092793.0,,,1092793.0,1092793.0,3.0,863.0,31.4
yarraville,164.0,141.0,16.0,7.0,1783280.0,826292.0,1501709.0,1720709.0,1677897.0,2.9,322.0,6.9
