suburb,landsize_min,landsize_max,house_count,unit_count,townhouse_count,total_count,rooms_min,rooms_max,bathroom_min,bathroom_max,car_min,car_max
abbotsford,0.0,780.0,40.0,14.0,2.0,56.0,1.0,4.0,1.0,3.0,0.0,2.0
aberfeldie,0.0,1315.0,32.0,10.0,2.0,44.0,1.0,5.0,1.0,4.0,1.0,6.0
airport west,0.0,1063.0,44.0,13.0,10.0,67.0,2.0,6.0,1.0,3.0,1.0,6.0
albanvale,529.0,619.0,5.0,1.0,0.0,6.0,2.0,4.0,1.0,3.0,1.0,3.0
albert park,0.0,330.0,63.0,4.0,2.0,69.0,1.0,5.0,1.0,3.0,0.0,2.0
albion,423.0,837.0,26.0,11.0,4.0,41.0,1.0,5.0,1.0,2.0,0.0,7.0
alphington,60.0,979.0,24.0,7.0,3.0,34.0,1.0,5.0,0.0,4.0,0.0,4.0
altona,154.0,1057.0,42.0,22.0,10.0,74.0,2.0,5.0,1.0,3.0,0.0,6.0
altona meadows,459.0,749.0,5.0,1.0,0.0,6.0,3.0,4.0,1.0,2.0,1.0,2.0
altona north,0.0,1068.0,51.0,2.0,3.0,56.0,2.0,5.0,1.0,3.0,1.0,6.0
ardeer,603.0,739.0,3.0,0.0,0.0,3.0,3.0,3.0,1.0,2.0,1.0,2.0
armadale,0.0,1581.0,41.0,47.0,7.0,95.0,1.0,6.0,0.0,4.0,0.0,4.0
ascot vale,0.0,1014.0,97.0,22.0,11.0,130.0,1.0,6.0,1.0,3.0,0.0,5.0
ashburton,276.0,1472.0,49.0,2.0,9.0,60.0,2.0,8.0,1.0,7.0,1.0,4.0
ashwood,280.0,964.0,34.0,7.0,5.0,46.0,2.0,5.0,1.0,3.0,1.0,4.0
aspendale,292.0,673.0,6.0,0.0,1.0,7.0,3.0,4.0,1.0,2.0,2.0,4.0
aspendale gardens,383.0,588.0,4.0,0.0,0.0,4.0,3.0,4.0,2.0,2.0,1.0,2.0
attwood,607.0,607.0,1.0,0.0,0.0,1.0,3.0,3.0,2.0,2.0,2.0,2.0
avondale heights,0.0,1801.0,63.0,7.0,4.0,74.0,2.0,5.0,1.0,5.0,0.0,8.0
bacchus marsh,612.0,612.0,1.0,0.0,0.0,1.0,3.0,3.0,1.0,1.0,2.0,2.0
balaclava,147.0,339.0,7.0,19.0,1.0,27.0,1.0,4.0,0.0,2.0,0.0,2.0
balwyn,0.0,2051.0,75.0,21.0,11.0,107.0,1.0,6.0,0.0,7.0,0.0,7.0
balwyn north,177.0,75100.0,146.0,13.0,12.0,171.0,2.0,7.0,0.0,5.0,0.0,6.0
bayswater,255.0,1094.0,10.0,2.0,2.0,14.0,2.0,5.0,1.0,3.0,1.0,10.0
bayswater north,482.0,931.0,6.0,2.0,0.0,8.0,3.0,4.0,1.0,2.0,0.0,5.0
beaconsfield,900.0,900.0,1.0,1.0,0.0,2.0,3.0,4.0,1.0,2.0,1.0,2.0
beaconsfield upper,1031.0,1031.0,1.0,0.0,0.0,1.0,4.0,4.0,2.0,2.0,2.0,2.0
beaumaris,335.0,1254.0,15.0,0.0,3.0,18.0,2.0,6.0,1.0,4.0,2.0,4.0
bellfield,231.0,762.0,14.0,2.0,0.0,16.0,2.0,4.0,1.0,2.0,0.0,4.0
bentleigh,0.0,902.0,93.0,23.0,23.0,139.0,2.0,7.0,1.0,4.0,0.0,5.0
bentleigh east,0.0,1080.0,168.0,34.0,47.0,249.0,1.0,5.0,0.0,4.0,0.0,6.0
berwick,520.0,957.0,13.0,0.0,0.0,13.0,3.0,4.0,1.0,5.0,2.0,2.0
black rock,659.0,947.0,5.0,6.0,1.0,12.0,2.0,5.0,1.0,3.0,1.0,4.0
blackburn,335.0,1271.0,19.0,1.0,1.0,21.0,2.0,5.0,1.0,3.0,1.0,4.0
blackburn north,543.0,923.0,12.0,1.0,1.0,14.0,2.0,6.0,1.0,2.0,1.0,4.0
blackburn south,232.0,887.0,10.0,2.0,0.0,12.0,2.0,4.0,1.0,3.0,1.0,3.0
bonbeach,407.0,645.0,3.0,0.0,1.0,4.0,3.0,4.0,1.0,3.0,2.0,2.0
boronia,439.0,2735.0,13.0,0.0,1.0,14.0,3.0,5.0,1.0,3.0,0.0,4.0
box hill,206.0,1100.0,38.0,16.0,5.0,59.0,1.0,6.0,1.0,4.0,0.0,4.0
braybrook,158.0,749.0,39.0,1.0,6.0,46.0,2.0,5.0,1.0,3.0,0.0,4.0
briar hill,392.0,1061.0,5.0,2.0,1.0,8.0,2.0,4.0,1.0,3.0,1.0,3.0
brighton,0.0,1572.0,111.0,49.0,26.0,186.0,1.0,6.0,0.0,6.0,0.0,6.0
brighton east,0.0,1561.0,104.0,18.0,16.0,138.0,1.0,8.0,1.0,5.0,0.0,5.0
broadmeadows,0.0,1312.0,21.0,1.0,1.0,23.0,1.0,4.0,1.0,2.0,0.0,5.0
brookfield,576.0,576.0,1.0,0.0,0.0,1.0,4.0,4.0,2.0,2.0,2.0,2.0
brooklyn,191.0,780.0,4.0,3.0,2.0,9.0,2.0,3.0,1.0,2.0,1.0,3.0
brunswick,0.0,4676.0,159.0,42.0,21.0,222.0,1.0,5.0,1.0,3.0,0.0,6.0
brunswick east,0.0,822.0,48.0,28.0,12.0,88.0,1.0,4.0,1.0,3.0,0.0,3.0
brunswick west,0.0,726.0,67.0,35.0,8.0,110.0,1.0,7.0,1.0,3.0,0.0,4.0
bulleen,353.0,1124.0,62.0,4.0,5.0,71.0,1.0,5.0,1.0,4.0,0.0,4.0
bullengarook,4000.0,4000.0,1.0,0.0,0.0,1.0,3.0,3.0,1.0,1.0,0.0,0.0
bundoora,300.0,896.0,34.0,0.0,2.0,36.0,2.0,10.0,1.0,3.0,1.0,3.0
burnley,0.0,1212.0,7.0,0.0,0.0,7.0,2.0,3.0,1.0,2.0,0.0,2.0
burnside,461.0,631.0,2.0,0.0,0.0,2.0,3.0,3.0,2.0,2.0,2.0,2.0
burnside heights,419.0,480.0,3.0,0.0,0.0,3.0,3.0,3.0,2.0,2.0,2.0,2.0
burwood,261.0,1393.0,62.0,11.0,11.0,84.0,2.0,7.0,1.0,4.0,0.0,4.0
burwood east,189.0,788.0,13.0,2.0,1.0,16.0,2.0,5.0,1.0,2.0,1.0,2.0
cairnlea,295.0,638.0,7.0,0.0,0.0,7.0,3.0,4.0,2.0,2.0,1.0,2.0
camberwell,0.0,1133.0,87.0,33.0,12.0,132.0,2.0,8.0,0.0,8.0,0.0,8.0
campbellfield,534.0,766.0,4.0,0.0,0.0,4.0,3.0,4.0,1.0,2.0,1.0,4.0
canterbury,145.0,2079.0,37.0,10.0,7.0,54.0,2.0,5.0,1.0,5.0,0.0,4.0
carlton,0.0,9405.0,27.0,23.0,1.0,51.0,1.0,4.0,1.0,3.0,0.0,2.0
carlton north,73.0,4025.0,41.0,6.0,1.0,48.0,1.0,5.0,1.0,3.0,0.0,2.0
carnegie,0.0,932.0,61.0,70.0,15.0,146.0,1.0,5.0,1.0,3.0,0.0,4.0
caroline springs,238.0,750.0,9.0,0.0,2.0,11.0,3.0,5.0,1.0,5.0,1.0,4.0
carrum,355.0,1000.0,5.0,3.0,1.0,9.0,2.0,4.0,1.0,2.0,1.0,3.0
carrum downs,339.0,804.0,12.0,0.0,0.0,12.0,2.0,4.0,1.0,2.0,0.0,4.0
caulfield,261.0,593.0,4.0,7.0,1.0,12.0,1.0,5.0,1.0,3.0,0.0,2.0
caulfield east,0.0,875.0,7.0,2.0,0.0,9.0,2.0,5.0,0.0,2.0,0.0,2.0
caulfield north,270.0,836.0,13.0,22.0,0.0,35.0,1.0,4.0,1.0,2.0,0.0,3.0
caulfield south,0.0,708.0,30.0,13.0,4.0,47.0,1.0,5.0,1.0,4.0,1.0,4.0
chadstone,160.0,6000.0,20.0,4.0,11.0,35.0,2.0,5.0,1.0,3.0,1.0,3.0
chelsea,463.0,534.0,3.0,2.0,0.0,5.0,2.0,3.0,1.0,2.0,1.0,3.0
chelsea heights,534.0,650.0,4.0,0.0,0.0,4.0,3.0,5.0,1.0,5.0,1.0,4.0
cheltenham,350.0,1006.0,35.0,5.0,6.0,46.0,2.0,5.0,1.0,3.0,1.0,4.0
chirnside park,734.0,945.0,2.0,0.0,0.0,2.0,3.0,4.0,2.0,2.0,2.0,3.0
clarinda,402.0,625.0,4.0,0.0,0.0,4.0,3.0,5.0,1.0,3.0,2.0,2.0
clayton,270.0,1040.0,10.0,3.0,0.0,13.0,3.0,6.0,1.0,3.0,1.0,4.0
clayton south,180.0,1226.0,9.0,2.0,0.0,11.0,2.0,4.0,1.0,2.0,1.0,4.0
clifton hill,0.0,533.0,43.0,11.0,3.0,57.0,1.0,4.0,1.0,3.0,0.0,2.0
coburg,0.0,1060.0,147.0,17.0,26.0,190.0,1.0,8.0,1.0,3.0,0.0,5.0
coburg north,104.0,973.0,48.0,2.0,6.0,56.0,1.0,5.0,1.0,3.0,0.0,5.0
collingwood,0.0,282.0,24.0,33.0,8.0,65.0,1.0,3.0,1.0,2.0,0.0,3.0
coolaroo,536.0,616.0,4.0,0.0,0.0,4.0,3.0,4.0,1.0,1.0,0.0,3.0
craigieburn,197.0,1005.0,44.0,0.0,3.0,47.0,2.0,6.0,1.0,3.0,0.0,6.0
cranbourne,528.0,581.0,3.0,0.0,0.0,3.0,3.0,5.0,2.0,3.0,1.0,2.0
cranbourne north,579.0,612.0,2.0,0.0,0.0,2.0,4.0,4.0,2.0,2.0,0.0,2.0
cremorne,115.0,326.0,17.0,7.0,1.0,25.0,1.0,3.0,1.0,2.0,0.0,2.0
croydon,244.0,1880.0,31.0,1.0,1.0,33.0,2.0,5.0,1.0,3.0,1.0,8.0
croydon hills,560.0,899.0,4.0,0.0,0.0,4.0,3.0,4.0,2.0,2.0,2.0,2.0
croydon north,507.0,4413.0,6.0,1.0,0.0,7.0,2.0,6.0,1.0,4.0,1.0,4.0
croydon south,865.0,865.0,1.0,0.0,0.0,1.0,3.0,3.0,1.0,1.0,2.0,2.0
dallas,560.0,650.0,6.0,0.0,0.0,6.0,3.0,3.0,1.0,1.0,0.0,2.0
dandenong,372.0,951.0,11.0,2.0,0.0,13.0,2.0,4.0,1.0,2.0,0.0,10.0
dandenong north,375.0,830.0,14.0,2.0,0.0,16.0,2.0,5.0,1.0,3.0,1.0,5.0
deepdene,1533.0,1533.0,1.0,0.0,1.0,2.0,2.0,4.0,1.0,2.0,1.0,2.0
deer park,531.0,712.0,14.0,0.0,0.0,14.0,3.0,4.0,1.0,3.0,0.0,6.0
delahey,344.0,668.0,6.0,0.0,0.0,6.0,3.0,4.0,2.0,2.0,2.0,2.0
derrimut,504.0,663.0,5.0,0.0,0.0,5.0,3.0,4.0,2.0,2.0,2.0,2.0
diamond creek,610.0,1001.0,6.0,0.0,0.0,6.0,2.0,4.0,1.0,3.0,0.0,3.0
diggers rest,608.0,850.0,2.0,0.0,0.0,2.0,3.0,6.0,1.0,3.0,1.0,2.0
dingley village,364.0,840.0,18.0,2.0,1.0,21.0,2.0,5.0,1.0,3.0,1.0,4.0
docklands,,,0.0,2.0,1.0,3.0,1.0,4.0,1.0,2.0,1.0,2.0
doncaster,0.0,1157.0,90.0,15.0,11.0,116.0,2.0,5.0,1.0,5.0,0.0,4.0
doncaster east,284.0,1056.0,34.0,2.0,5.0,41.0,3.0,6.0,1.0,4.0,1.0,3.0
donvale,243.0,5022.0,8.0,2.0,3.0,13.0,2.0,7.0,1.0,4.0,1.0,4.0
doreen,184.0,550.0,6.0,0.0,0.0,6.0,2.0,4.0,1.0,2.0,1.0,2.0
doveton,585.0,700.0,7.0,0.0,0.0,7.0,2.0,3.0,1.0,1.0,0.0,5.0
eaglemont,555.0,1783.0,19.0,4.0,0.0,23.0,2.0,5.0,1.0,3.0,1.0,3.0
east melbourne,118.0,364.0,5.0,16.0,1.0,22.0,1.0,4.0,0.0,2.0,0.0,3.0
edithvale,441.0,900.0,6.0,3.0,0.0,9.0,2.0,6.0,1.0,6.0,1.0,4.0
elsternwick,0.0,701.0,35.0,19.0,7.0,61.0,1.0,4.0,0.0,3.0,0.0,2.0
eltham,197.0,1027.0,21.0,2.0,2.0,25.0,2.0,6.0,1.0,3.0,0.0,3.0
eltham north,651.0,2000.0,13.0,0.0,0.0,13.0,3.0,6.0,1.0,3.0,0.0,4.0
elwood,75.0,1730.0,30.0,92.0,9.0,131.0,1.0,5.0,1.0,3.0,0.0,6.0
emerald,1000.0,1000.0,1.0,0.0,0.0,1.0,2.0,2.0,1.0,1.0,0.0,0.0
endeavour hills,581.0,836.0,5.0,0.0,0.0,5.0,3.0,5.0,1.0,2.0,2.0,8.0
epping,157.0,854.0,46.0,5.0,1.0,52.0,2.0,5.0,1.0,3.0,0.0,5.0
essendon,0.0,1021.0,131.0,74.0,15.0,220.0,1.0,6.0,1.0,4.0,0.0,6.0
essendon north,173.0,10100.0,8.0,12.0,2.0,22.0,1.0,5.0,1.0,3.0,1.0,2.0
essendon west,34.0,846.0,21.0,1.0,4.0,26.0,2.0,7.0,1.0,3.0,1.0,2.0
fairfield,0.0,743.0,28.0,13.0,2.0,43.0,1.0,4.0,1.0,3.0,0.0,4.0
fawkner,0.0,1075.0,86.0,8.0,8.0,102.0,1.0,5.0,0.0,6.0,0.0,4.0
ferntree gully,550.0,1014.0,18.0,1.0,3.0,22.0,2.0,5.0,1.0,3.0,0.0,4.0
fitzroy,0.0,433014.0,31.0,21.0,7.0,59.0,1.0,4.0,1.0,4.0,0.0,2.0
fitzroy north,0.0,9338.0,70.0,15.0,8.0,93.0,1.0,5.0,1.0,3.0,0.0,3.0
flemington,0.0,616.0,42.0,19.0,1.0,62.0,1.0,5.0,1.0,2.0,0.0,4.0
footscray,0.0,799.0,71.0,45.0,16.0,132.0,1.0,4.0,1.0,2.0,0.0,3.0
forest hill,76.0,866.0,19.0,2.0,1.0,22.0,1.0,6.0,1.0,3.0,1.0,3.0
frankston,306.0,1424.0,23.0,1.0,0.0,24.0,2.0,5.0,1.0,2.0,1.0,4.0
frankston north,624.0,691.0,4.0,0.0,0.0,4.0,3.0,3.0,1.0,2.0,0.0,4.0
frankston south,536.0,4780.0,16.0,0.0,0.0,16.0,2.0,4.0,1.0,3.0,1.0,4.0
gardenvale,236.0,538.0,3.0,3.0,0.0,6.0,2.0,5.0,1.0,3.0,1.0,3.0
gisborne,412.0,40468.0,8.0,0.0,0.0,8.0,3.0,6.0,1.0,3.0,1.0,4.0
gladstone park,213.0,935.0,20.0,0.0,0.0,20.0,3.0,5.0,1.0,2.0,0.0,4.0
glen huntly,100.0,688.0,4.0,10.0,3.0,17.0,1.0,5.0,1.0,3.0,1.0,2.0
glen iris,0.0,1485.0,137.0,41.0,17.0,195.0,1.0,6.0,0.0,4.0,0.0,4.0
glen waverley,478.0,1590.0,35.0,8.0,2.0,45.0,2.0,5.0,1.0,3.0,0.0,5.0
glenroy,0.0,1029.0,121.0,18.0,20.0,159.0,1.0,5.0,1.0,4.0,1.0,8.0
gowanbrae,0.0,2679.0,21.0,0.0,3.0,24.0,3.0,4.0,2.0,3.0,1.0,4.0
greensborough,152.0,1070.0,31.0,5.0,0.0,36.0,2.0,6.0,1.0,3.0,1.0,4.0
greenvale,321.0,1750.0,17.0,0.0,0.0,17.0,3.0,5.0,1.0,4.0,1.0,5.0
hadfield,230.0,1020.0,52.0,3.0,7.0,62.0,2.0,5.0,1.0,3.0,1.0,6.0
hallam,604.0,1801.0,5.0,0.0,0.0,5.0,3.0,3.0,1.0,2.0,2.0,4.0
hampton,171.0,1504.0,86.0,30.0,14.0,130.0,1.0,5.0,1.0,4.0,0.0,4.0
hampton east,0.0,1469.0,16.0,5.0,4.0,25.0,2.0,4.0,1.0,2.0,1.0,3.0
hampton park,301.0,654.0,4.0,0.0,0.0,4.0,3.0,4.0,1.0,2.0,1.0,3.0
hawthorn,0.0,1690.0,78.0,108.0,5.0,191.0,1.0,5.0,0.0,4.0,0.0,7.0
hawthorn east,0.0,1250.0,66.0,44.0,9.0,119.0,1.0,6.0,1.0,3.0,0.0,4.0
healesville,724.0,724.0,1.0,0.0,0.0,1.0,3.0,3.0,2.0,2.0,4.0,4.0
heathmont,348.0,1060.0,13.0,1.0,2.0,16.0,2.0,5.0,1.0,3.0,0.0,3.0
heidelberg,0.0,1547.0,27.0,13.0,11.0,51.0,2.0,5.0,1.0,4.0,0.0,4.0
heidelberg heights,174.0,932.0,63.0,7.0,8.0,78.0,2.0,8.0,1.0,5.0,0.0,4.0
heidelberg west,0.0,1179.0,71.0,4.0,1.0,76.0,1.0,5.0,1.0,2.0,0.0,4.0
highett,0.0,725.0,21.0,3.0,3.0,27.0,2.0,5.0,1.0,3.0,0.0,3.0
hillside,318.0,2002.0,17.0,1.0,0.0,18.0,3.0,6.0,1.0,4.0,1.0,4.0
hoppers crossing,435.0,4606.0,37.0,1.0,0.0,38.0,2.0,5.0,1.0,2.0,0.0,4.0
hughesdale,369.0,847.0,21.0,10.0,4.0,35.0,2.0,5.0,1.0,4.0,1.0,4.0
huntingdale,321.0,628.0,7.0,0.0,0.0,7.0,3.0,4.0,1.0,2.0,2.0,4.0
hurstbridge,785.0,1034.0,2.0,0.0,0.0,2.0,3.0,5.0,2.0,2.0,2.0,2.0
ivanhoe,221.0,1465.0,58.0,25.0,15.0,98.0,1.0,5.0,0.0,3.0,0.0,4.0
ivanhoe east,583.0,2064.0,19.0,5.0,1.0,25.0,1.0,5.0,1.0,4.0,1.0,3.0
jacana,588.0,764.0,23.0,1.0,1.0,25.0,2.0,4.0,1.0,3.0,0.0,4.0
kealba,119.0,658.0,19.0,0.0,0.0,19.0,3.0,5.0,1.0,3.0,0.0,5.0
keilor,295.0,847.0,9.0,0.0,0.0,9.0,3.0,5.0,1.0,2.0,1.0,4.0
keilor downs,307.0,850.0,15.0,0.0,0.0,15.0,3.0,4.0,1.0,2.0,1.0,4.0
keilor east,0.0,5750.0,98.0,6.0,17.0,121.0,1.0,5.0,1.0,4.0,0.0,4.0
keilor lodge,651.0,729.0,2.0,0.0,0.0,2.0,3.0,4.0,2.0,2.0,1.0,2.0
keilor park,174.0,761.0,16.0,3.0,3.0,22.0,2.0,5.0,1.0,3.0,1.0,7.0
kensington,0.0,566.0,58.0,41.0,18.0,117.0,1.0,5.0,0.0,3.0,0.0,3.0
kew,0.0,1353.0,115.0,45.0,17.0,177.0,1.0,7.0,1.0,6.0,0.0,4.0
kew east,204.0,12300.0,40.0,5.0,4.0,49.0,2.0,6.0,1.0,5.0,1.0,4.0
keysborough,384.0,680.0,10.0,0.0,1.0,11.0,2.0,4.0,1.0,2.0,1.0,4.0
kilsyth,837.0,992.0,4.0,0.0,0.0,4.0,3.0,3.0,1.0,2.0,1.0,3.0
kings park,532.0,570.0,5.0,0.0,0.0,5.0,3.0,5.0,1.0,2.0,1.0,3.0
kingsbury,465.0,907.0,10.0,3.0,0.0,13.0,2.0,5.0,1.0,3.0,0.0,2.0
kingsville,84.0,555.0,27.0,7.0,0.0,34.0,1.0,4.0,1.0,2.0,0.0,4.0
knoxfield,620.0,900.0,4.0,0.0,0.0,4.0,4.0,5.0,2.0,2.0,2.0,2.0
kooyong,0.0,620.0,2.0,0.0,0.0,2.0,2.0,4.0,2.0,2.0,2.0,3.0
kurunjang,637.0,685.0,4.0,0.0,0.0,4.0,3.0,4.0,1.0,2.0,0.0,2.0
lalor,364.0,888.0,39.0,3.0,0.0,42.0,2.0,5.0,1.0,2.0,1.0,5.0
langwarrin,361.0,2026.0,4.0,2.0,0.0,6.0,2.0,4.0,1.0,3.0,1.0,6.0
lower plenty,725.0,864.0,3.0,2.0,0.0,5.0,2.0,5.0,1.0,2.0,1.0,2.0
maidstone,0.0,782.0,60.0,10.0,24.0,94.0,1.0,5.0,1.0,3.0,0.0,5.0
malvern,0.0,950.0,39.0,23.0,5.0,67.0,1.0,5.0,0.0,4.0,0.0,4.0
malvern east,0.0,1220.0,85.0,19.0,13.0,117.0,1.0,5.0,1.0,3.0,0.0,4.0
maribyrnong,0.0,4977.0,52.0,20.0,24.0,96.0,1.0,5.0,1.0,3.0,1.0,8.0
mckinnon,368.0,904.0,5.0,1.0,2.0,8.0,2.0,5.0,1.0,2.0,1.0,3.0
meadow heights,452.0,1063.0,15.0,1.0,1.0,17.0,3.0,8.0,1.0,3.0,0.0,4.0
melbourne,95.0,95.0,1.0,45.0,0.0,46.0,1.0,4.0,1.0,2.0,0.0,3.0
melton,362.0,1670.0,12.0,0.0,0.0,12.0,3.0,5.0,1.0,2.0,0.0,4.0
melton south,180.0,800.0,18.0,0.0,0.0,18.0,2.0,4.0,1.0,2.0,1.0,4.0
melton west,524.0,935.0,8.0,0.0,0.0,8.0,3.0,5.0,1.0,2.0,0.0,3.0
mentone,408.0,731.0,11.0,5.0,10.0,26.0,2.0,5.0,1.0,3.0,1.0,2.0
mernda,180.0,1037.0,9.0,0.0,0.0,9.0,3.0,4.0,2.0,2.0,2.0,4.0
middle park,98.0,553.0,30.0,4.0,0.0,34.0,1.0,6.0,1.0,4.0,0.0,3.0
mill park,257.0,991.0,39.0,2.0,2.0,43.0,2.0,5.0,1.0,3.0,1.0,5.0
mitcham,72.0,981.0,22.0,4.0,4.0,30.0,2.0,5.0,1.0,3.0,0.0,4.0
monbulk,1611.0,1611.0,1.0,0.0,0.0,1.0,4.0,4.0,2.0,2.0,2.0,2.0
mont albert,0.0,2187.0,22.0,7.0,5.0,34.0,2.0,6.0,1.0,4.0,0.0,6.0
montmorency,204.0,1285.0,14.0,1.0,2.0,17.0,3.0,4.0,1.0,3.0,0.0,4.0
montrose,846.0,846.0,1.0,0.0,0.0,1.0,4.0,4.0,2.0,2.0,2.0,2.0
moonee ponds,0.0,912.0,110.0,29.0,10.0,149.0,1.0,6.0,1.0,4.0,0.0,3.0
moorabbin,209.0,1660.0,48.0,7.0,9.0,64.0,1.0,4.0,1.0,3.0,1.0,6.0
mooroolbark,484.0,1469.0,12.0,0.0,0.0,12.0,3.0,5.0,1.0,2.0,1.0,4.0
mordialloc,314.0,893.0,12.0,4.0,2.0,18.0,1.0,4.0,1.0,3.0,1.0,4.0
mount evelyn,915.0,2385.0,2.0,0.0,0.0,2.0,3.0,3.0,1.0,1.0,0.0,4.0
mount waverley,288.0,1321.0,44.0,7.0,6.0,57.0,2.0,6.0,1.0,5.0,1.0,4.0
mulgrave,145.0,914.0,28.0,0.0,1.0,29.0,3.0,5.0,1.0,4.0,1.0,7.0
murrumbeena,0.0,990.0,37.0,32.0,13.0,82.0,1.0,5.0,1.0,3.0,1.0,6.0
narre warren,638.0,1042.0,7.0,0.0,0.0,7.0,3.0,4.0,1.0,2.0,2.0,4.0
new gisborne,44500.0,44500.0,1.0,0.0,0.0,1.0,5.0,5.0,3.0,3.0,5.0,5.0
newport,0.0,2522.0,120.0,6.0,11.0,137.0,1.0,8.0,1.0,3.0,0.0,7.0
niddrie,0.0,846.0,58.0,16.0,8.0,82.0,1.0,5.0,1.0,3.0,0.0,4.0
noble park,550.0,818.0,11.0,1.0,0.0,12.0,2.0,4.0,1.0,2.0,1.0,4.0
north melbourne,55.0,1044.0,29.0,43.0,9.0,81.0,1.0,4.0,1.0,3.0,0.0,4.0
north warrandyte,1457.0,4221.0,2.0,0.0,0.0,2.0,4.0,5.0,2.0,3.0,0.0,4.0
northcote,0.0,1390.0,151.0,30.0,7.0,188.0,1.0,6.0,1.0,4.0,0.0,8.0
notting hill,530.0,727.0,2.0,1.0,0.0,3.0,3.0,4.0,1.0,3.0,1.0,3.0
nunawading,431.0,766.0,11.0,6.0,3.0,20.0,2.0,5.0,1.0,3.0,0.0,3.0
oak park,0.0,866.0,43.0,10.0,10.0,63.0,2.0,5.0,1.0,3.0,0.0,4.0
oakleigh,0.0,1143.0,41.0,6.0,0.0,47.0,2.0,5.0,1.0,3.0,0.0,4.0
oakleigh east,295.0,1063.0,8.0,1.0,2.0,11.0,2.0,6.0,1.0,4.0,1.0,6.0
oakleigh south,0.0,1200.0,52.0,4.0,2.0,58.0,2.0,6.0,1.0,2.0,0.0,6.0
officer,480.0,480.0,1.0,0.0,0.0,1.0,4.0,4.0,2.0,2.0,2.0,2.0
ormond,0.0,903.0,46.0,33.0,4.0,83.0,1.0,5.0,1.0,3.0,1.0,5.0
pakenham,425.0,600.0,3.0,0.0,0.0,3.0,4.0,4.0,2.0,2.0,2.0,2.0
parkdale,220.0,802.0,19.0,1.0,4.0,24.0,1.0,5.0,1.0,3.0,1.0,5.0
parkville,0.0,357.0,13.0,16.0,2.0,31.0,1.0,4.0,1.0,3.0,0.0,2.0
pascoe vale,0.0,1031.0,119.0,25.0,27.0,171.0,1.0,5.0,1.0,3.0,0.0,5.0
plumpton,477.0,477.0,1.0,0.0,0.0,1.0,4.0,4.0,2.0,2.0,2.0,2.0
point cook,312.0,630.0,13.0,0.0,0.0,13.0,3.0,5.0,2.0,2.0,2.0,2.0
port melbourne,0.0,611.0,84.0,64.0,5.0,153.0,1.0,6.0,1.0,4.0,0.0,3.0
prahran,0.0,8216.0,62.0,54.0,7.0,123.0,1.0,4.0,1.0,3.0,0.0,4.0
preston,0.0,3037.0,208.0,24.0,7.0,239.0,1.0,7.0,0.0,8.0,0.0,7.0
princes hill,204.0,341.0,5.0,0.0,0.0,5.0,2.0,4.0,1.0,2.0,0.0,2.0
reservoir,0.0,41400.0,253.0,79.0,27.0,359.0,1.0,5.0,1.0,3.0,0.0,10.0
richmond,0.0,848.0,152.0,90.0,18.0,260.0,1.0,5.0,1.0,3.0,0.0,7.0
riddells creek,1459.0,1459.0,1.0,0.0,0.0,1.0,4.0,4.0,2.0,2.0,4.0,4.0
ringwood,123.0,1555.0,17.0,3.0,0.0,20.0,2.0,4.0,1.0,3.0,0.0,3.0
ringwood east,314.0,941.0,10.0,2.0,0.0,12.0,2.0,4.0,1.0,2.0,1.0,4.0
ringwood north,306.0,1019.0,9.0,1.0,0.0,10.0,2.0,5.0,1.0,3.0,1.0,2.0
ripponlea,290.0,485.0,2.0,6.0,1.0,9.0,1.0,4.0,1.0,2.0,0.0,3.0
rockbank,609.0,609.0,1.0,0.0,0.0,1.0,2.0,2.0,1.0,1.0,0.0,0.0
rosanna,0.0,1850.0,47.0,10.0,4.0,61.0,2.0,6.0,1.0,4.0,0.0,4.0
rowville,372.0,733.0,10.0,0.0,0.0,10.0,3.0,5.0,1.0,3.0,0.0,2.0
roxburgh park,245.0,640.0,15.0,0.0,0.0,15.0,3.0,4.0,1.0,2.0,1.0,3.0
sandhurst,448.0,448.0,1.0,0.0,0.0,1.0,4.0,4.0,2.0,2.0,2.0,2.0
sandringham,390.0,831.0,17.0,5.0,3.0,25.0,2.0,5.0,1.0,4.0,0.0,4.0
scoresby,590.0,1134.0,8.0,0.0,0.0,8.0,3.0,4.0,1.0,2.0,0.0,3.0
seabrook,531.0,531.0,3.0,0.0,0.0,3.0,3.0,4.0,1.0,2.0,2.0,2.0
seaford,535.0,1151.0,12.0,1.0,1.0,14.0,2.0,6.0,1.0,4.0,0.0,4.0
seaholme,521.0,705.0,5.0,1.0,0.0,6.0,1.0,5.0,1.0,3.0,0.0,6.0
seddon,0.0,934.0,54.0,6.0,2.0,62.0,1.0,5.0,1.0,3.0,0.0,3.0
silvan,38490.0,76000.0,2.0,0.0,0.0,2.0,3.0,4.0,2.0,2.0,2.0,3.0
skye,534.0,631.0,2.0,0.0,0.0,2.0,4.0,4.0,2.0,2.0,1.0,2.0
south kingsville,78.0,738.0,11.0,5.0,6.0,22.0,2.0,4.0,1.0,3.0,0.0,5.0
south melbourne,0.0,2325.0,54.0,26.0,5.0,85.0,1.0,4.0,0.0,4.0,0.0,3.0
south morang,196.0,806.0,18.0,1.0,2.0,21.0,2.0,5.0,1.0,5.0,1.0,4.0
south yarra,0.0,569.0,48.0,146.0,8.0,202.0,1.0,4.0,0.0,5.0,0.0,3.0
southbank,0.0,199.0,3.0,38.0,0.0,41.0,1.0,4.0,1.0,3.0,0.0,2.0
spotswood,174.0,830.0,26.0,2.0,1.0,29.0,1.0,4.0,1.0,3.0,0.0,5.0
springvale,572.0,869.0,8.0,1.0,0.0,9.0,2.0,6.0,1.0,2.0,1.0,4.0
springvale south,584.0,775.0,3.0,0.0,0.0,3.0,3.0,4.0,1.0,2.0,2.0,3.0
st albans,419.0,743.0,23.0,1.0,1.0,25.0,1.0,4.0,0.0,2.0,0.0,6.0
st helena,684.0,1348.0,3.0,0.0,0.0,3.0,3.0,5.0,1.0,3.0,0.0,3.0
st kilda,94.0,1294.0,39.0,120.0,3.0,162.0,1.0,5.0,1.0,4.0,0.0,5.0
strathmore,0.0,1781.0,59.0,1.0,3.0,63.0,2.0,7.0,1.0,3.0,1.0,6.0
strathmore heights,528.0,697.0,6.0,0.0,0.0,6.0,3.0,4.0,1.0,3.0,2.0,4.0
sunbury,350.0,1058.0,37.0,1.0,0.0,38.0,2.0,5.0,1.0,3.0,0.0,6.0
sunshine,0.0,879.0,101.0,7.0,3.0,111.0,1.0,5.0,1.0,2.0,0.0,6.0
sunshine north,0.0,968.0,65.0,2.0,1.0,68.0,2.0,6.0,1.0,3.0,0.0,6.0
sunshine west,0.0,1143.0,79.0,3.0,4.0,86.0,1.0,5.0,1.0,4.0,0.0,6.0
surrey hills,163.0,1255.0,88.0,30.0,7.0,125.0,2.0,6.0,1.0,5.0,0.0,9.0
sydenham,338.0,1017.0,5.0,0.0,0.0,5.0,3.0,4.0,2.0,2.0,1.0,4.0
tarneit,326.0,498.0,10.0,0.0,0.0,10.0,3.0,4.0,1.0,2.0,1.0,2.0
taylors hill,343.0,724.0,7.0,0.0,0.0,7.0,3.0,5.0,2.0,3.0,1.0,2.0
taylors lakes,189.0,876.0,21.0,0.0,1.0,22.0,3.0,5.0,1.0,3.0,1.0,6.0
templestowe,457.0,4001.0,18.0,0.0,1.0,19.0,3.0,5.0,2.0,3.0,2.0,3.0
templestowe lower,313.0,1128.0,83.0,3.0,6.0,92.0,2.0,8.0,1.0,4.0,1.0,5.0
the basin,518.0,1281.0,4.0,0.0,0.0,4.0,3.0,3.0,1.0,2.0,0.0,3.0
thomastown,189.0,819.0,26.0,3.0,0.0,29.0,2.0,6.0,1.0,3.0,1.0,4.0
thornbury,0.0,712.0,87.0,41.0,11.0,139.0,1.0,4.0,1.0,3.0,0.0,4.0
toorak,218.0,1317.0,29.0,62.0,9.0,100.0,1.0,6.0,0.0,4.0,0.0,5.0
travancore,291.0,650.0,5.0,4.0,1.0,10.0,2.0,4.0,1.0,3.0,1.0,2.0
truganina,347.0,512.0,2.0,2.0,1.0,5.0,2.0,4.0,1.0,2.0,1.0,2.0
tullamarine,0.0,778.0,9.0,2.0,2.0,13.0,2.0,4.0,1.0,2.0,1.0,6.0
upwey,1200.0,1200.0,1.0,0.0,0.0,1.0,2.0,2.0,1.0,1.0,1.0,1.0
vermont,539.0,891.0,11.0,0.0,3.0,14.0,3.0,5.0,1.0,3.0,0.0,4.0
vermont south,407.0,1250.0,12.0,1.0,0.0,13.0,3.0,5.0,2.0,3.0,1.0,3.0
viewbank,291.0,1113.0,37.0,4.0,0.0,41.0,2.0,5.0,1.0,3.0,0.0,4.0
wallan,502.0,502.0,1.0,0.0,0.0,1.0,3.0,3.0,1.0,1.0,1.0,1.0
wantirna,74.0,1670.0,12.0,0.0,0.0,12.0,2.0,4.0,1.0,3.0,0.0,4.0
wantirna south,306.0,1183.0,19.0,2.0,1.0,22.0,3.0,6.0,1.0,3.0,1.0,6.0
warrandyte,830.0,4168.0,5.0,0.0,0.0,5.0,3.0,4.0,1.0,3.0,0.0,2.0
waterways,604.0,620.0,2.0,0.0,0.0,2.0,4.0,4.0,2.0,2.0,2.0,2.0
watsonia,0.0,903.0,45.0,6.0,1.0,52.0,2.0,5.0,1.0,3.0,0.0,4.0
watsonia north,253.0,966.0,10.0,0.0,0.0,10.0,3.0,4.0,1.0,2.0,1.0,3.0
werribee,190.0,1025.0,48.0,2.0,0.0,50.0,2.0,5.0,1.0,2.0,0.0,4.0
west footscray,0.0,2701.0,82.0,17.0,6.0,105.0,1.0,6.0,1.0,3.0,0.0,6.0
west melbourne,121.0,506.0,8.0,15.0,8.0,31.0,1.0,4.0,1.0,3.0,0.0,2.0
westmeadows,256.0,898.0,13.0,0.0,1.0,14.0,2.0,5.0,1.0,3.0,1.0,4.0
wheelers hill,629.0,943.0,26.0,0.0,0.0,26.0,3.0,5.0,1.0,3.0,1.0,4.0
whittlesea,972.0,972.0,1.0,0.0,0.0,1.0,3.0,3.0,2.0,2.0,1.0,1.0
williams landing,265.0,443.0,2.0,0.0,0.0,2.0,3.0,4.0,2.0,2.0,2.0,2.0
williamstown,159.0,897.0,84.0,17.0,6.0,107.0,1.0,5.0,1.0,3.0,0.0,5.0
williamstown north,297.0,860.0,10.0,6.0,3.0,19.0,1.0,5.0,1.0,3.0,1.0,5.0
windsor,0.0,754.0,25.0,34.0,1.0,60.0,1.0,4.0,1.0,3.0,0.0,4.0
wollert,213.0,448.0,6.0,1.0,2.0,9.0,2.0,4.0,1.0,2.0,1.0,2.0
wonga park,0.0,0.0,1.0,0.0,0.0,1.0,3.0,3.0,2.0,2.0,2.0,2.0
wyndham vale,300.0,743.0,4.0,0.0,0.0,4.0,3.0,4.0,1.0,2.0,1.0,2.0
yallambie,530.0,761.0,24.0,0.0,0.0,24.0,3.0,5.0,1.0,3.0,1.0,4.0
yarra glen,863.0,863.0,1.0,0.0,0.0,1.0,3.0,3.0,2.0,2.0,1.0,1.0
yarraville,0.0,1087.0,141.0,16.0,7.0,164.0,1.0,6.0,0.0,3.0,0.0,6.0
